Species,TagType,FL,Weight,AcousticTag,RFID,Setup
FCS,Acoustic,107.0,15.6,46747,3DD.003BEE86D2,2018
FCS,Acoustic,111.0,18.8,46711,3DD.003BEE86D3,2018
FCS,Acoustic,114.0,17.4,46716,3DD.003BEE86D5,2018
FCS,Acoustic,97.0,10.8,46750,3DD.003BEE86D8,2018
FCS,Acoustic,107.0,15.2,46739,3DD.003BEE86DB,2018
FCS,Acoustic,100.0,13.7,46749,3DD.003BEE86DE,2018
FCS,Acoustic,109.0,16.1,46736,3DD.003BEE86E7,2018
FCS,Acoustic,109.0,16.4,46742,3DD.003BEE86ED,2018
FCS,Acoustic,108.0,15.5,46745,3DD.003BEE86F0,2018
FCS,Acoustic,105.0,15.5,46748,3DD.003BEE86F2,2018
FCS,Acoustic,123.0,24.7,46721,3DD.003BEE86F3,2018
FCS,Acoustic,96.0,11.8,46727,3DD.003BEE86F4,2018
FCS,Acoustic,103.0,15.0,46738,3DD.003BEE86F6,2018
FCS,Acoustic,119.0,20.5,46725,3DD.003BEE86F9,2018
FCS,Acoustic,112.0,17.1,46726,3DD.003BEE86FB,2018
FCS,Acoustic,105.0,14.1,46737,3DD.003BEE86FC,2018
FCS,Acoustic,110.0,17.2,46723,3DD.003BEE86FF,2018
FCS,Acoustic,113.0,16.6,46734,3DD.003BEE8703,2018
FCS,Acoustic,107.0,14.5,46743,3DD.003BEE8705,2018
FCS,Acoustic,117.0,21.2,46718,3DD.003BEE8707,2018
FCS,Acoustic,116.0,20.0,46744,3DD.003BEE8709,2018
FCS,Acoustic,110.0,18.6,46728,3DD.003BEE870A,2018
FCS,Acoustic,113.0,19.2,46713,3DD.003BEE870B,2018
FCS,Acoustic,120.0,21.7,46730,3DD.003BEE870D,2018
FCS,Acoustic,106.0,15.0,46741,3DD.003BEE870E,2018
FCS,Acoustic,118.0,20.3,46735,3DD.003BEE8713,2018
FCS,Acoustic,100.0,12.5,46754,3DD.003BEE8714,2018
FCS,Acoustic,125.0,24.1,46724,3DD.003BEE8715,2018
FCS,Acoustic,106.0,16.3,46717,3DD.003BEE871B,2018
FCS,Acoustic,101.0,12.4,46752,3DD.003BEE871C,2018
FCS,Acoustic,112.0,18.5,46731,3DD.003BEE871D,2018
FCS,Acoustic,114.0,18.3,46714,3DD.003BEE871E,2018
FCS,Acoustic,103.0,13.8,46753,3DD.003BEE8720,2018
FCS,Acoustic,121.0,24.8,46729,3DD.003BEE8721,2018
FCS,Acoustic,104.0,13.9,46755,3DD.003BEE8724,2018
FCS,Acoustic,105.0,16.8,46712,3DD.003BEE8726,2018
FCS,Acoustic,117.0,20.2,46722,3DD.003BEE8727,2018
FCS,Acoustic,110.0,17.4,46715,3DD.003BEE8728,2018
FCS,Acoustic,111.0,17.7,46719,3DD.003BEE8729,2018
FCS,Acoustic,100.0,11.4,46746,3DD.003BEE872F,2018
FCS,Acoustic,107.0,16.1,46733,3DD.003BEE8732,2018
FCS,Acoustic,117.0,21.5,46720,3DD.003BEE8733,2018
FCS,Acoustic,96.0,10.4,46667,3DD.003BEE8EA6,2018
FCS,Acoustic,102.0,13.7,46676,3DD.003BEE8EA8,2018
FCS,Acoustic,98.0,12.8,46669,3DD.003BEE8EAB,2018
FCS,Acoustic,105.0,13.3,46670,3DD.003BEE8EB3,2018
FCS,Acoustic,99.0,12.4,46674,3DD.003BEE8EB8,2018
FCS,Acoustic,97.0,10.8,46659,3DD.003BEE8EC1,2018
FCS,Acoustic,102.0,12.5,46672,3DD.003BEE8EC8,2018
FCS,Acoustic,108.0,16.2,46660,3DD.003BEE8ECC,2018
FCS,Acoustic,106.0,16.2,46668,3DD.003BEE8ECF,2018
FCS,Acoustic,106.0,14.5,46664,3DD.003BEE8ED4,2018
FCS,Acoustic,105.0,13.9,46657,3DD.003BEE8ED5,2018
FCS,Acoustic,95.0,10.1,46673,3DD.003BEE8EDB,2018
FCS,Acoustic,105.0,14.0,46666,3DD.003BEE8EE3,2018
FCS,Acoustic,101.0,12.4,46680,3DD.003BEE8EEA,2018
FCS,Acoustic,105.0,14.5,46677,3DD.003BEE8EED,2018
FCS,Acoustic,99.0,11.8,46663,3DD.003BEE8EFB,2018
FCS,Acoustic,99.0,11.6,46665,3DD.003BEE8EFF,2018
FCS,Acoustic,97.0,11.6,46661,3DD.003BEE924D,2018
FCS,Acoustic,95.0,11.3,46671,3DD.003BEE9254,2018
FCS,Acoustic,105.0,15.0,46675,3DD.003BEE9265,2018
FCS,Acoustic,101.0,12.3,46658,3DD.003BEE9281,2018
FCS,Acoustic,100.0,11.8,46685,3DD.003BEE9294,2018
FCS,Acoustic,100.0,11.7,46682,3DD.003BEE9296,2018
FCS,Acoustic,108.0,14.7,46684,3DD.003BEE92B2,2018
FCS,Acoustic,104.0,13.0,46687,3DD.003BEE92B4,2018
FCS,Acoustic,96.0,11.5,46681,3DD.003BEE92BD,2018
FCS,Acoustic,114.0,19.5,46789,3DD.003C0818F9,2018
FCS,Acoustic,128.0,28.8,46782,3DD.003C0818FA,2018
FCS,Acoustic,119.0,21.2,46773,3DD.003C0818FC,2018
FCS,Acoustic,123.0,29.0,46785,3DD.003C0818FD,2018
FCS,Acoustic,113.0,18.0,46774,3DD.003C0818FE,2018
FCS,Acoustic,111.0,16.7,46804,3DD.003C0818FF,2018
FCS,Acoustic,120.0,21.2,46772,3DD.003C081903,2018
FCS,Acoustic,115.0,18.6,46801,3DD.003C081906,2018
FCS,Acoustic,124.0,24.5,46781,3DD.003C081908,2018
FCS,Acoustic,114.0,19.5,46795,3DD.003C081911,2018
FCS,Acoustic,120.0,22.6,46775,3DD.003C081918,2018
FCS,Acoustic,124.0,26.7,46788,3DD.003C08191C,2018
FCS,Acoustic,113.0,19.0,46793,3DD.003C081921,2018
FCS,Acoustic,118.0,21.6,46798,3DD.003C081927,2018
FCS,Acoustic,108.0,16.5,46786,3DD.003C081929,2018
FCS,Acoustic,113.0,19.3,46797,3DD.003C08192E,2018
FCS,Acoustic,109.0,17.5,46791,3DD.003C08192F,2018
FCS,Acoustic,114.0,21.0,46787,3DD.003C081932,2018
FCS,Acoustic,112.0,18.2,46799,3DD.003C081933,2018
FCS,Acoustic,105.0,14.5,46803,3DD.003C081937,2018
FCS,Acoustic,115.0,21.4,46792,3DD.003C081939,2018
FCS,Acoustic,126.0,27.6,46802,3DD.003C08193F,2018
FCS,Acoustic,126.0,25.4,46794,3DD.003C081940,2018
FCS,Acoustic,124.0,24.9,46800,3DD.003C081948,2018
FCS,Acoustic,123.0,22.1,46796,3DD.003C081953,2018
LFCS,Acoustic,171.0,64.9,46560,3DD.003C081958,2018
LFCS,Acoustic,168.0,38.3,46595,3DD.003C081959,2018
LFCS,Acoustic,148.0,37.7,46580,3DD.003C08195B,2018
LFCS,Acoustic,177.0,75.5,46641,3DD.003C08195C,2018
LFCS,Acoustic,180.0,74.4,46635,3DD.003C081961,2018
LFCS,Acoustic,175.0,67.9,46618,3DD.003C081963,2018
LFCS,Acoustic,168.0,58.4,46609,3DD.003C081964,2018
LFCS,Acoustic,139.0,36.8,46605,3DD.003C081965,2018
LFCS,Acoustic,151.0,36.6,46556,3DD.003C081966,2018
LFCS,Acoustic,153.0,48.1,46593,3DD.003C081967,2018
LFCS,Acoustic,167.0,58.3,46608,3DD.003C081969,2018
LFCS,Acoustic,169.0,53.9,46555,3DD.003C08196A,2018
LFCS,Acoustic,154.0,42.0,46624,3DD.003C08196D,2018
LFCS,Acoustic,192.0,90.7,46612,3DD.003C08196E,2018
LFCS,Acoustic,170.0,57.6,46602,3DD.003C08196F,2018
LFCS,Acoustic,176.0,59.0,46585,3DD.003C081970,2018
LFCS,Acoustic,203.0,100.4,46634,3DD.003C081971,2018
LFCS,Acoustic,123.0,23.2,46606,3DD.003C081972,2018
LFCS,Acoustic,178.0,67.3,46625,3DD.003C081975,2018
LFCS,Acoustic,161.0,48.9,46598,3DD.003C081977,2018
LFCS,Acoustic,156.0,44.4,46620,3DD.003C081978,2018
LFCS,Acoustic,134.0,23.1,46603,3DD.003C08197D,2018
LFCS,Acoustic,135.0,30.7,46630,3DD.003C08197E,2018
LFCS,Acoustic,160.0,51.4,46640,3DD.003C081980,2018
LFCS,Acoustic,161.0,50.9,46636,3DD.003C081982,2018
LFCS,Acoustic,167.0,59.6,46607,3DD.003C081983,2018
LFCS,Acoustic,158.0,44.5,46622,3DD.003C081984,2018
LFCS,Acoustic,172.0,63.3,46566,3DD.003C081986,2018
LFCS,Acoustic,189.0,83.4,46592,3DD.003C08198B,2018
LFCS,Acoustic,230.0,159.7,46571,3DD.003C08198D,2018
LFCS,Acoustic,202.0,103.7,46615,3DD.003C08198E,2018
LFCS,Acoustic,170.0,57.8,46631,3DD.003C08198F,2018
LFCS,Acoustic,160.0,47.8,46586,3DD.003C081992,2018
LFCS,Acoustic,210.0,121.9,46632,3DD.003C081993,2018
LFCS,Acoustic,153.0,43.2,46594,3DD.003C081994,2018
LFCS,Acoustic,161.0,47.3,46639,3DD.003C081995,2018
LFCS,Acoustic,161.0,54.5,46627,3DD.003C081996,2018
LFCS,Acoustic,184.0,82.7,46613,3DD.003C081998,2018
LFCS,Acoustic,186.0,79.1,46626,3DD.003C08199D,2018
LFCS,Acoustic,165.0,53.2,46565,3DD.003C08199E,2018
LFCS,Acoustic,178.0,75.0,46611,3DD.003C08199F,2018
LFCS,Acoustic,187.0,81.3,46599,3DD.003C0819A0,2018
LFCS,Acoustic,160.0,47.3,46600,3DD.003C0819A2,2018
LFCS,Acoustic,178.0,68.4,46614,3DD.003C0819A3,2018
LFCS,Acoustic,188.0,86.4,46610,3DD.003C0819A4,2018
LFCS,Acoustic,185.0,79.5,46581,3DD.003C0819A5,2018
LFCS,Acoustic,130.0,25.4,46633,3DD.003C0819A7,2018
LFCS,Acoustic,162.0,56.2,46604,3DD.003C0819A8,2018
LFCS,Acoustic,157.0,44.1,46617,3DD.003C0819AA,2018
LFCS,Acoustic,165.0,58.6,46619,3DD.003C0819AB,2018
LFCS,Acoustic,186.0,78.7,46621,3DD.003C0819AC,2018
LFCS,Acoustic,140.0,33.9,46628,3DD.003C0819AD,2018
LFCS,Acoustic,179.0,69.8,46576,3DD.003C0819AF,2018
LFCS,Acoustic,191.0,86.1,46637,3DD.003C0819B0,2018
LFCS,Acoustic,185.0,60.4,46570,3DD.003C0819B1,2018
LFCS,Acoustic,187.0,84.4,46575,3DD.003C0819B2,2018
LFCS,Acoustic,143.0,36.6,46601,3DD.003C0819B3,2018
LFCS,Acoustic,149.0,37.6,46561,3DD.003C0819B6,2018
LFCS,Acoustic,169.0,54.4,46638,3DD.003C0819B7,2018
LFCS,Acoustic,181.0,73.8,46596,3DD.003C0819B8,2018
LFCS,Acoustic,150.0,40.9,46629,3DD.003C0819BA,2018
LFCS,Acoustic,162.0,48.2,46563,3DD.003C081B4C,2018
LFCS,Acoustic,190.0,85.3,46583,3DD.003C081B51,2018
LFCS,Acoustic,176.0,65.8,46559,3DD.003C081B5D,2018
LFCS,Acoustic,170.0,55.2,46579,3DD.003C081B64,2018
LFCS,Acoustic,153.0,41.2,46568,3DD.003C081B6D,2018
LFCS,Acoustic,152.0,37.7,46574,3DD.003C081B6E,2018
LFCS,Acoustic,190.0,85.0,46569,3DD.003C081B73,2018
LFCS,Acoustic,130.0,26.0,46572,3DD.003C081B80,2018
LFCS,Acoustic,173.0,62.1,46573,3DD.003C081B81,2018
LFCS,Acoustic,205.0,99.4,46564,3DD.003C081B88,2018
LFCS,Acoustic,118.0,18.4,46553,3DD.003C081B89,2018
LFCS,Acoustic,138.0,30.7,46588,3DD.003C081B8B,2018
LFCS,Acoustic,181.0,75.5,46577,3DD.003C081B8D,2018
LFCS,Acoustic,151.0,40.7,46582,3DD.003C081B8F,2018
LFCS,Acoustic,190.0,78.7,46591,3DD.003C081B91,2018
LFCS,Acoustic,194.0,87.2,46558,3DD.003C081B9B,2018
LFCS,Acoustic,195.0,89.2,46590,3DD.003C081BA4,2018
LFCS,Acoustic,190.0,85.3,46587,3DD.003C081BAA,2018
LFCS,Acoustic,110.0,14.0,46578,3DD.003C081BAB,2018
LFCS,Acoustic,134.0,26.9,46554,3DD.003C081BAD,2018
LFCS,Acoustic,161.0,48.9,46584,3DD.003C081BAE,2018
FCS,Acoustic,101.0,12.5,46701,3DD.003C081CDD,2018
FCS,Acoustic,102.0,13.0,46683,3DD.003C081CE1,2018
FCS,Acoustic,98.0,11.7,46691,3DD.003C081CE5,2018
FCS,Acoustic,107.0,14.8,46692,3DD.003C081CE6,2018
FCS,Acoustic,110.0,16.5,46686,3DD.003C081CE7,2018
FCS,Acoustic,105.0,13.4,46696,3DD.003C081CEB,2018
FCS,Acoustic,95.0,10.5,46689,3DD.003C081CF1,2018
FCS,Acoustic,95.0,10.6,46693,3DD.003C081CF2,2018
FCS,Acoustic,112.0,18.6,46694,3DD.003C081D03,2018
FCS,Acoustic,100.0,12.1,46695,3DD.003C081D04,2018
FCS,Acoustic,103.0,14.0,46702,3DD.003C081D10,2018
FCS,Acoustic,104.0,14.4,46690,3DD.003C081D11,2018
FCS,Acoustic,100.0,11.7,46688,3DD.003C081D13,2018
FCS,Acoustic,108.0,14.4,46698,3DD.003C081D1B,2018
FCS,Acoustic,109.0,14.7,46699,3DD.003C081D20,2018
FCS,Acoustic,102.0,13.5,46703,3DD.003C081D39,2018
LFCS,Acoustic,140.0,33.0,46533,3DD.003C081E0A,2018
LFCS,Acoustic,200.0,94.8,46530,3DD.003C081E0B,2018
LFCS,Acoustic,136.0,31.1,46534,3DD.003C081E14,2018
LFCS,Acoustic,160.0,36.1,46551,3DD.003C081E16,2018
LFCS,Acoustic,175.0,58.0,46525,3DD.003C081E1B,2018
LFCS,Acoustic,157.0,43.0,46537,3DD.003C081E1C,2018
LFCS,Acoustic,137.0,23.0,46539,3DD.003C081E1E,2018
LFCS,Acoustic,190.0,81.2,46546,3DD.003C081E22,2018
LFCS,Acoustic,133.0,26.5,46532,3DD.003C081E25,2018
LFCS,Acoustic,144.0,36.8,46518,3DD.003C081E27,2018
LFCS,Acoustic,150.0,41.8,46514,3DD.003C081E29,2018
LFCS,Acoustic,160.0,45.9,46597,3DD.003C081E2B,2018
LFCS,Acoustic,159.0,47.4,46545,3DD.003C081E2E,2018
LFCS,Acoustic,184.0,68.9,46513,3DD.003C081E30,2018
LFCS,Acoustic,204.0,103.9,46519,3DD.003C081E39,2018
LFCS,Acoustic,174.0,67.3,46543,3DD.003C081E3B,2018
LFCS,Acoustic,210.0,124.8,46526,3DD.003C081E3F,2018
LFCS,Acoustic,154.0,38.1,46522,3DD.003C081E45,2018
LFCS,Acoustic,164.0,55.4,46529,3DD.003C081E48,2018
LFCS,Acoustic,177.0,62.3,46511,3DD.003C081E4A,2018
LFCS,Acoustic,136.0,29.8,46523,3DD.003C081E4C,2018
LFCS,Acoustic,141.0,31.1,46528,3DD.003C081E4F,2018
LFCS,Acoustic,170.0,59.5,46538,3DD.003C081E50,2018
LFCS,Acoustic,180.0,58.3,46542,3DD.003C081E53,2018
LFCS,Acoustic,138.0,24.3,46616,3DD.003C081E54,2018
LFCS,Acoustic,179.0,69.0,46521,3DD.003C081E57,2018
LFCS,Acoustic,137.0,31.1,46524,3DD.003C081E5A,2018
LFCS,Acoustic,170.0,44.5,46507,3DD.003C081E61,2018
LFCS,Acoustic,167.0,44.4,46508,3DD.003C081E63,2018
LFCS,Acoustic,174.0,65.6,46567,3DD.003C081E67,2018
LFCS,Acoustic,168.0,54.7,46548,3DD.003C081E69,2018
LFCS,Acoustic,165.0,52.5,46527,3DD.003C081E6A,2018
FCS,Acoustic,129.0,29.2,46817,3DD.003C0820C8,2018
FCS,Acoustic,129.0,28.3,46808,3DD.003C0820D5,2018
FCS,Acoustic,110.0,16.5,46806,3DD.003C0820D6,2018
FCS,Acoustic,120.0,23.7,46821,3DD.003C0820DB,2018
FCS,Acoustic,134.0,29.3,46805,3DD.003C0820DE,2018
FCS,Acoustic,122.0,23.8,46810,3DD.003C0820DF,2018
FCS,Acoustic,138.0,35.3,46820,3DD.003C0820E4,2018
FCS,Acoustic,120.0,23.8,46812,3DD.003C0820EA,2018
FCS,Acoustic,127.0,27.3,46784,3DD.003C0820EB,2018
FCS,Acoustic,123.0,27.2,46816,3DD.003C0820EE,2018
FCS,Acoustic,127.0,26.1,46815,3DD.003C0820F2,2018
FCS,Acoustic,121.0,21.1,46818,3DD.003C0820F5,2018
FCS,Acoustic,117.0,22.0,46819,3DD.003C0820F7,2018
FCS,Acoustic,130.0,25.5,46814,3DD.003C0820FB,2018
FCS,Acoustic,124.0,23.7,46813,3DD.003C082107,2018
FCS,Acoustic,126.0,27.3,46823,3DD.003C082109,2018
FCS,Acoustic,121.0,22.5,46807,3DD.003C08210F,2018
FCS,Acoustic,115.0,20.5,46824,3DD.003C082113,2018
FCS,Acoustic,126.0,26.8,46811,3DD.003C082118,2018
FCS,Acoustic,128.0,23.9,46809,3DD.003C08211B,2018
LFCS,Acoustic,164.0,43.9,46493,3DD.003C0904FE,2018
LFCS,Acoustic,176.0,71.0,46557,3DD.003C0904FF,2018
LFCS,Acoustic,168.0,55.5,46487,3DD.003C090500,2018
LFCS,Acoustic,156.0,43.3,46489,3DD.003C090501,2018
LFCS,Acoustic,169.0,52.2,46562,3DD.003C090502,2018
LFCS,Acoustic,151.0,37.4,46536,3DD.003C090504,2018
LFCS,Acoustic,170.0,50.5,46490,3DD.003C090505,2018
LFCS,Acoustic,158.0,30.1,46480,3DD.003C090506,2018
LFCS,Acoustic,175.0,64.3,46547,3DD.003C09050B,2018
LFCS,Acoustic,193.0,85.5,46470,3DD.003C09050C,2018
LFCS,Acoustic,168.0,55.2,46512,3DD.003C09050E,2018
LFCS,Acoustic,147.0,36.7,46466,3DD.003C09050F,2018
LFCS,Acoustic,145.0,33.0,46506,3DD.003C090510,2018
LFCS,Acoustic,181.0,70.6,46481,3DD.003C090513,2018
LFCS,Acoustic,152.0,39.0,46486,3DD.003C090515,2018
LFCS,Acoustic,156.0,47.4,46520,3DD.003C090516,2018
LFCS,Acoustic,138.0,29.1,46504,3DD.003C090519,2018
LFCS,Acoustic,150.0,41.4,46499,3DD.003C09051B,2018
LFCS,Acoustic,127.0,26.2,46494,3DD.003C09051C,2018
LFCS,Acoustic,140.0,27.6,46535,3DD.003C090522,2018
LFCS,Acoustic,153.0,37.9,46510,3DD.003C090523,2018
LFCS,Acoustic,147.0,36.6,46500,3DD.003C090524,2018
LFCS,Acoustic,140.0,29.7,46517,3DD.003C090525,2018
LFCS,Acoustic,203.0,99.1,46478,3DD.003C090526,2018
LFCS,Acoustic,164.0,50.6,46498,3DD.003C09052C,2018
LFCS,Acoustic,180.0,60.6,46531,3DD.003C09052D,2018
LFCS,Acoustic,174.0,61.9,46474,3DD.003C09052F,2018
LFCS,Acoustic,163.0,42.6,46485,3DD.003C090530,2018
LFCS,Acoustic,144.0,35.9,46476,3DD.003C090535,2018
LFCS,Acoustic,132.0,25.7,46477,3DD.003C090537,2018
LFCS,Acoustic,159.0,45.7,46497,3DD.003C090539,2018
LFCS,Acoustic,195.0,71.9,46472,3DD.003C09053A,2018
LFCS,Acoustic,149.0,31.3,46488,3DD.003C09053B,2018
LFCS,Acoustic,144.0,29.7,46491,3DD.003C09053C,2018
LFCS,Acoustic,158.0,47.5,46492,3DD.003C09053F,2018
LFCS,Acoustic,169.0,53.8,46479,3DD.003C090540,2018
LFCS,Acoustic,190.0,83.9,46467,3DD.003C090543,2018
LFCS,Acoustic,145.0,33.9,46496,3DD.003C090546,2018
LFCS,Acoustic,132.0,25.9,46501,3DD.003C090548,2018
LFCS,Acoustic,150.0,37.3,46471,3DD.003C090549,2018
LFCS,Acoustic,147.0,36.7,46473,3DD.003C09054A,2018
LFCS,Acoustic,164.0,49.1,46483,3DD.003C09054B,2018
LFCS,Acoustic,160.0,46.7,46484,3DD.003C09054C,2018
LFCS,Acoustic,164.0,51.1,46541,3DD.003C09054D,2018
LFCS,Acoustic,158.0,47.4,46516,3DD.003C09054E,2018
LFCS,Acoustic,157.0,47.0,46495,3DD.003C090552,2018
LFCS,Acoustic,151.0,39.1,46468,3DD.003C090554,2018
LFCS,Acoustic,145.0,36.6,46505,3DD.003C090556,2018
LFCS,Acoustic,162.0,41.9,46482,3DD.003C090558,2018
LFCS,Acoustic,192.0,81.5,46475,3DD.003C09055A,2018
LFCS,Acoustic,165.0,52.0,46540,3DD.003C09055B,2018
LFCS,Acoustic,156.0,43.3,46515,3DD.003C09055C,2018
LFCS,Acoustic,168.0,55.8,46469,3DD.003C09055F,2018
LFCS,Acoustic,142.0,33.1,46503,3DD.003C090560,2018
FCS,Acoustic,118.0,20.6,46707,3DD.003C0905C6,2018
FCS,Acoustic,118.0,21.6,46768,3DD.003C0905CA,2018
FCS,Acoustic,131.0,27.1,46767,3DD.003C0905CF,2018
FCS,Acoustic,109.0,17.1,46765,3DD.003C0905E3,2018
FCS,Acoustic,123.0,24.6,46766,3DD.003C0905E7,2018
FCS,Acoustic,121.0,22.9,46710,3DD.003C0905EF,2018
FCS,Acoustic,117.0,21.6,46770,3DD.003C0905FE,2018
FCS,Acoustic,114.0,19.3,46704,3DD.003C090600,2018
FCS,Acoustic,125.0,23.5,46771,3DD.003C090601,2018
FCS,Acoustic,115.0,18.5,46709,3DD.003C090607,2018
FCS,Acoustic,110.0,16.8,46705,3DD.003C090609,2018
FCS,Acoustic,99.0,11.6,46708,3DD.003C09060D,2018
FCS,Acoustic,123.0,25.3,46706,3DD.003C09060E,2018
FCS,Acoustic,115.0,19.7,46769,3DD.003C09061F,2018
FCS,Acoustic,107.0,16.3,46777,3DD.003C090623,2018
FCS,Acoustic,124.0,24.3,46779,3DD.003C090626,2018
FCS,Acoustic,120.0,22.9,46778,3DD.003C090628,2018
FCS,Acoustic,105.0,14.7,46652,3DD.003C094703,2018
FCS,Acoustic,104.0,14.2,46655,3DD.003C094708,2018
FCS,Acoustic,107.0,16.3,46761,3DD.003C094709,2018
FCS,Acoustic,110.0,17.2,46645,3DD.003C094710,2018
FCS,Acoustic,113.0,15.7,46648,3DD.003C094714,2018
FCS,Acoustic,113.0,16.7,46759,3DD.003C09471E,2018
FCS,Acoustic,107.0,15.8,46651,3DD.003C094721,2018
FCS,Acoustic,114.0,18.8,46764,3DD.003C094723,2018
FCS,Acoustic,104.0,14.5,46649,3DD.003C09472B,2018
FCS,Acoustic,104.0,15.3,46763,3DD.003C09472C,2018
FCS,Acoustic,101.0,12.9,46647,3DD.003C09472F,2018
FCS,Acoustic,104.0,14.3,46654,3DD.003C094732,2018
FCS,Acoustic,111.0,15.6,46642,3DD.003C094736,2018
FCS,Acoustic,122.0,23.6,46656,3DD.003C09473C,2018
FCS,Acoustic,110.0,16.1,46760,3DD.003C094743,2018
FCS,Acoustic,108.0,16.5,46757,3DD.003C09474D,2018
FCS,Acoustic,108.0,17.5,46650,3DD.003C09474F,2018
FCS,Acoustic,107.0,15.4,46644,3DD.003C094750,2018
FCS,Acoustic,113.0,19.0,46643,3DD.003C094754,2018
FCS,Acoustic,108.0,17.1,46653,3DD.003C094763,2018
FCS,Acoustic,117.0,20.2,46758,3DD.003C094766,2018
LFCS,Acoustic,150.0,36.0,47869,3DD.003C094196,2019
LFCS,Acoustic,149.0,35.7,47876,3DD.003C0941BE,2019
LFCS,Acoustic,159.0,45.2,47882,3DD.003C0941C9,2019
LFCS,Acoustic,169.0,64.0,47888,3DD.003C0941A7,2019
LFCS,Acoustic,131.0,23.1,47903,3DD.003C0941E2,2019
LFCS,Acoustic,172.0,64.6,47909,3DD.003C0941CC,2019
LFCS,Acoustic,142.0,29.1,47917,3DD.003C0941C5,2019
LFCS,Acoustic,162.0,50.7,47868,3DD.003C09418A,2019
LFCS,Acoustic,185.0,81.4,47875,3DD.003C0941D5,2019
LFCS,Acoustic,167.0,54.3,47881,3DD.003C0941D3,2019
LFCS,Acoustic,156.0,40.5,47887,3DD.003C094199,2019
LFCS,Acoustic,171.0,60.5,47894,3DD.003C09419B,2019
LFCS,Acoustic,156.0,43.4,47902,3DD.003C094191,2019
LFCS,Acoustic,164.0,50.1,47908,3DD.003C09419F,2019
LFCS,Acoustic,156.0,46.3,47916,3DD.003C0941E7,2019
LFCS,Acoustic,140.0,32.1,47865,3DD.003C0941DD,2019
LFCS,Acoustic,149.0,41.4,47873,3DD.003C0941A9,2019
LFCS,Acoustic,162.0,48.6,47880,3DD.003C094192,2019
LFCS,Acoustic,160.0,44.0,47886,3DD.003C09418D,2019
LFCS,Acoustic,171.0,60.4,47893,3DD.003C0941A2,2019
LFCS,Acoustic,143.0,30.9,47901,3DD.003C0941C0,2019
LFCS,Acoustic,157.0,51.3,47844,3DD.003C094394,2019
LFCS,Acoustic,149.0,28.8,47907,3DD.003C0943C0,2019
LFCS,Acoustic,124.0,21.5,47915,3DD.003C0943A1,2019
LFCS,Acoustic,164.0,58.8,47872,3DD.003C094390,2019
LFCS,Acoustic,165.0,55.8,47879,3DD.003C0943A2,2019
LFCS,Acoustic,167.0,57.7,47885,3DD.003C094385,2019
LFCS,Acoustic,168.0,57.8,47892,3DD.003C094398,2019
LFCS,Acoustic,164.0,56.1,47900,3DD.003C0943CE,2019
LFCS,Acoustic,160.0,52.3,47912,3DD.003C0943E1,2019
LFCS,Acoustic,160.0,45.2,47905,3DD.003C0943DC,2019
LFCS,Acoustic,206.0,113.4,47891,3DD.003C0943A0,2019
LFCS,Acoustic,171.0,62.8,47899,3DD.003C0943A5,2019
LFCS,Acoustic,140.0,33.6,47884,3DD.003C0943DE,2019
LFCS,Acoustic,155.0,44.4,47878,3DD.003C0943BE,2019
LFCS,Acoustic,172.0,64.1,47871,3DD.003C0943BD,2019
LFCS,Acoustic,171.0,61.6,47842,3DD.003C0943D4,2019
LFCS,Acoustic,168.0,61.0,47890,3DD.003C0943AA,2019
LFCS,Acoustic,123.0,21.4,47883,3DD.003C09438A,2019
LFCS,Acoustic,172.0,61.7,47877,3DD.003C09439A,2019
LFCS,Acoustic,186.0,83.6,47870,3DD.003C094381,2019
LFCS,Acoustic,136.0,30.5,47838,3DD.003C094391,2019
LFCS,Acoustic,139.0,32.2,47941,3DD.003C094393,2019
LFCS,Acoustic,152.0,43.1,47959,3DD.003C094382,2019
LFCS,Acoustic,117.0,19.4,47953,3DD.003C0943C8,2019
LFCS,Acoustic,163.0,50.2,47935,3DD.003C0943D6,2019
LFCS,Acoustic,190.0,84.5,47920,3DD.003C0943D7,2019
LFCS,Acoustic,134.0,27.0,47965,3DD.003C09437E,2019
LFCS,Acoustic,185.0,80.0,47928,3DD.003C0943CB,2019
LFCS,Acoustic,143.0,33.0,47947,3DD.003C0943D1,2019
LFCS,Acoustic,175.0,58.6,47921,3DD.003C0943C4,2019
LFCS,Acoustic,145.0,34.9,47964,3DD.003C0943B4,2019
LFCS,Acoustic,125.0,23.0,47946,3DD.003C0943D5,2019
LFCS,Acoustic,191.0,85.0,47952,3DD.003C09437F,2019
LFCS,Acoustic,189.0,75.6,47934,3DD.003C09438C,2019
LFCS,Acoustic,175.0,65.1,47919,3DD.003C0943A3,2019
LFCS,Acoustic,174.0,66.6,47926,3DD.003C0943CF,2019
LFCS,Acoustic,184.0,82.9,47948,3DD.003C0943B0,2019
LFCS,Acoustic,144.0,36.2,47939,3DD.003C0943B7,2019
LFCS,Acoustic,164.0,53.9,47933,3DD.003C09438D,2019
LFCS,Acoustic,184.0,74.7,47958,3DD.003C094384,2019
LFCS,Acoustic,167.0,58.9,47925,3DD.003C0943BB,2019
LFCS,Acoustic,184.0,74.5,47940,3DD.003C0943D0,2019
LFCS,Acoustic,183.0,77.6,47926,3DD.003C0943CF,2019
LFCS,Acoustic,192.0,85.8,47962,3DD.003C0943C9,2019
LFCS,Acoustic,150.0,40.0,47922,3DD.003C0943BA,2019
LFCS,Acoustic,167.0,54.7,47942,3DD.003C0943E0,2019
LFCS,Acoustic,151.0,37.8,47950,3DD.003C0943AB,2019
LFCS,Acoustic,170.0,61.5,47937,3DD.003C0943D9,2019
LFCS,Acoustic,120.0,21.3,47931,3DD.003C0943D8,2019
LFCS,Acoustic,161.0,53.9,47904,3DD.003C0943DA,2019
LFCS,Acoustic,166.0,55.4,47966,3DD.003C0943B8,2019
LFCS,Acoustic,163.0,52.3,47936,3DD.003C094389,2019
LFCS,Acoustic,139.0,31.4,47943,3DD.003C094386,2019
LFCS,Acoustic,168.0,55.6,47956,3DD.003C0943B3,2019
LFCS,Acoustic,151.0,38.8,47954,3DD.003C0943AC,2019
LFCS,Acoustic,171.0,59.2,47910,3DD.003C0943A7,2019
LFCS,Acoustic,175.0,65.4,47923,3DD.003C09439B,2019
LFCS,Acoustic,152.0,38.8,47960,3DD.003C0943DB,2019
LFCS,Acoustic,161.0,47.8,47967,3DD.003C0943C6,2019
LFCS,Acoustic,177.0,53.9,47929,3DD.003C0943B9,2019
LFCS,Acoustic,158.0,48.7,47806,3DD.003C0943B6,2019
LFCS,Acoustic,178.0,69.7,47961,3DD.003C0943BF,2019
LFCS,Acoustic,174.0,62.2,47955,3DD.003C0943D3,2019
LFCS,Acoustic,125.0,22.8,47949,3DD.003C0943CA,2019
LFCS,Acoustic,132.0,25.8,47937,3DD.003C0943D9,2019
LFCS,Acoustic,142.0,34.8,47933,3DD.003C094396,2019
LFCS,Acoustic,148.0,38.8,47982,3DD.003C0943DF,2019
LFCS,Acoustic,144.0,35.5,47981,3DD.003C0943A6,2019
LFCS,Acoustic,174.0,66.7,47976,3DD.003C0943A4,2019
LFCS,Acoustic,168.0,61.1,47975,3DD.003C0943C5,2019
LFCS,Acoustic,160.0,49.8,47968,3DD.003C094392,2019
LFCS,Acoustic,151.0,41.1,47996,3DD.003C0943C7,2019
LFCS,Acoustic,153.0,44.4,48002,3DD.003C09438B,2019
LFCS,Acoustic,135.0,27.1,48021,3DD.003C09439F,2019
LFCS,Acoustic,181.0,69.6,48014,3DD.003C09439E,2019
LFCS,Acoustic,169.0,60.4,48008,3DD.003C0943AE,2019
LFCS,Acoustic,160.0,50.5,47987,3DD.003C09438E,2019
LFCS,Acoustic,178.0,65.6,47988,3DD.003C0943A8,2019
LFCS,Acoustic,164.0,54.5,47963,3DD.003C0943AF,2019
LFCS,Acoustic,185.0,79.0,47957,3DD.003C0943A9,2019
LFCS,Acoustic,202.0,108.5,47970,3DD.003C0943AD,2019
LFCS,Acoustic,154.0,41.2,47951,3DD.003C0943C2,2019
LFCS,Acoustic,143.0,36.2,47945,3DD.003C094387,2019
LFCS,Acoustic,189.0,96.0,47938,3DD.003C0943CC,2019
LFCS,Acoustic,183.0,69.4,47932,3DD.003C094399,2019
LFCS,Acoustic,144.0,31.2,47924,3DD.003C0943B1,2019
LFCS,Acoustic,184.0,80.1,48018,3DD.003C094397,2019
LFCS,Acoustic,173.0,61.4,47986,3DD.003C09439D,2019
LFCS,Acoustic,160.0,47.0,47980,3DD.003C094380,2019
LFCS,Acoustic,181.0,68.2,47974,3DD.003C094383,2019
LFCS,Acoustic,180.0,76.0,48000,3DD.003C0943C3,2019
LFCS,Acoustic,190.0,79.0,47991,3DD.003C0943B5,2019
LFCS,Acoustic,165.0,53.0,47985,3DD.003C094388,2019
LFCS,Acoustic,162.0,48.2,48006,3DD.003C0943BC,2019
LFCS,Acoustic,167.0,42.3,47992,3DD.003C0943D2,2019
LFCS,Acoustic,165.0,50.7,48012,3DD.003C09438F,2019
LFCS,Acoustic,163.0,48.5,48005,3DD.003C0943B2,2019
LFCS,Acoustic,164.0,53.2,47999,3DD.003C09426E,2019
LFCS,Acoustic,170.0,57.8,47973,3DD.003C094260,2019
LFCS,Acoustic,173.0,63.9,48019,3DD.003C09429D,2019
LFCS,Acoustic,168.0,57.7,48007,3DD.003C094281,2019
LFCS,Acoustic,180.0,74.3,47993,3DD.003C09426A,2019
LFCS,Acoustic,181.0,68.9,48001,3DD.003C094279,2019
LFCS,Acoustic,158.0,43.4,48013,3DD.003C094259,2019
LFCS,Acoustic,145.0,35.5,48020,3DD.003C094271,2019
LFCS,Acoustic,170.0,55.7,47979,3DD.003C0942A4,2019
LFCS,Acoustic,168.0,52.7,48011,3DD.003C094268,2019
LFCS,Acoustic,178.0,62.0,47980,3DD.003C094380,2019
LFCS,Acoustic,166.0,53.9,48047,3DD.003C094254,2019
LFCS,Acoustic,167.0,57.5,48046,3DD.003C0942B5,2019
LFCS,Acoustic,164.0,56.0,48040,3DD.003C0942B1,2019
LFCS,Acoustic,165.0,56.7,48041,3DD.003C094295,2019
LFCS,Acoustic,174.0,65.8,48042,3DD.003C09425E,2019
LFCS,Acoustic,165.0,55.4,47972,3DD.003C094257,2019
LFCS,Acoustic,179.0,71.3,47978,3DD.003C09425D,2019
LFCS,Acoustic,163.0,49.9,47984,3DD.003C0942B4,2019
LFCS,Acoustic,166.0,42.7,47990,3DD.003C0942A0,2019
LFCS,Acoustic,164.0,54.0,47998,3DD.003C094270,2019
LFCS,Acoustic,159.0,49.2,48004,3DD.003C094253,2019
LFCS,Acoustic,191.0,80.6,48010,3DD.003C0942AB,2019
LFCS,Acoustic,171.0,59.4,48016,3DD.003C094276,2019
LFCS,Acoustic,182.0,70.7,47971,3DD.003C09428A,2019
LFCS,Acoustic,168.0,53.6,47977,3DD.003C094264,2019
LFCS,Acoustic,143.0,33.9,47983,3DD.003C0942A2,2019
LFCS,Acoustic,157.0,44.6,47989,3DD.003C09427E,2019
LFCS,Acoustic,174.0,64.7,47997,3DD.003C09428C,2019
LFCS,Acoustic,197.0,93.9,48003,3DD.003C094255,2019
LFCS,Acoustic,173.0,57.8,48009,3DD.003C094283,2019
LFCS,Acoustic,159.0,47.8,48015,3DD.003C09426D,2019
LFCS,Acoustic,177.0,64.0,48043,3DD.003C094258,2019
LFCS,Acoustic,182.0,78.2,48044,3DD.003C09429A,2019
LFCS,Acoustic,148.0,40.4,48045,3DD.003C09427F,2019
LFCS,Acoustic,173.0,61.8,48039,3DD.003C094278,2019
LFCS,Acoustic,135.0,27.2,48038,3DD.003C0942B3,2019
LFCS,Acoustic,195.0,93.1,48037,3DD.003C094277,2019
LFCS,Acoustic,191.0,87.5,48036,3DD.003C094267,2019
LFCS,Acoustic,185.0,81.1,48035,3DD.003C0942A1,2019
LFCS,Acoustic,158.0,50.8,48034,3DD.003C094290,2019
LFCS,Acoustic,176.0,62.7,48033,3DD.003C09429F,2019
LFCS,Acoustic,145.0,36.0,48032,3DD.003C0942AE,2019
LFCS,Acoustic,150.0,41.8,48031,3DD.003C094293,2019
LFCS,Acoustic,190.0,83.4,48030,3DD.003C094273,2019
LFCS,Acoustic,155.0,43.8,48029,3DD.003C094275,2019
LFCS,Acoustic,121.0,22.3,48028,3DD.003C094299,2019
LFCS,Acoustic,159.0,51.1,48027,3DD.003BEE9616,2019
LFCS,Acoustic,219.0,127.0,48026,3DD.003BEE962A,2019
LFCS,Acoustic,205.0,107.8,48025,3DD.003BEE9638,2019
LFCS,Acoustic,180.0,69.8,48024,3DD.003BEE9646,2019
LFCS,Acoustic,193.0,87.5,48023,3DD.003BEE9645,2019
LFCS,Acoustic,155.0,45.1,48022,3DD.003BEE9641,2019
FCS,Acoustic,92.0,10.5,48223,3DD.003BEE9612,2019
FCS,Acoustic,99.0,11.9,48195,3DD.003BEE964B,2019
FCS,Acoustic,103.0,10.4,48205,3DD.003BEE9635,2019
FCS,Acoustic,103.0,13.4,48180,3DD.003BEE9630,2019
FCS,Acoustic,99.0,12.0,48175,3DD.003BEE963A,2019
FCS,Acoustic,96.0,11.0,48197,3DD.003BEE965A,2019
FCS,Acoustic,103.0,13.4,48189,3DD.003BEE963C,2019
FCS,Acoustic,98.0,11.6,48206,3DD.003BEE9665,2019
FCS,Acoustic,104.0,12.9,48181,3DD.003BEE966B,2019
FCS,Acoustic,99.0,12.3,48174,3DD.003BEE960C,2019
FCS,Acoustic,101.0,11.4,48207,3DD.003BEE9625,2019
FCS,Acoustic,97.0,10.9,48215,3DD.003BEE961B,2019
FCS,Acoustic,101.0,12.0,48216,3DD.003BEE9627,2019
FCS,Acoustic,102.0,12.0,48173,3DD.003BEE9655,2019
FCS,Acoustic,101.0,11.3,48196,3DD.003BEE9661,2019
FCS,Acoustic,101.0,11.3,48187,3DD.003BEE9643,2019
FCS,Acoustic,104.0,12.4,48182,3DD.003BEE966C,2019
FCS,Acoustic,100.0,11.6,48223,3DD.003BEE963E,2019
FCS,Acoustic,103.0,12.4,48232,3DD.003BEE962D,2019
FCS,Acoustic,101.0,11.9,48188,3DD.003BEE961C,2019
FCS,Acoustic,102.0,13.0,48224,3DD.003BEE9615,2019
FCS,Acoustic,105.0,13.4,48196,3DD.003BEE9661,2019
FCS,Acoustic,105.0,14.5,48222,3DD.003BEE961A,2019
FCS,Acoustic,103.0,13.6,48214,3DD.003BEE9613,2019
FCS,Acoustic,105.0,14.3,48231,3DD.003BEE961E,2019
FCS,Acoustic,99.0,11.7,48221,3DD.003BEE9653,2019
FCS,Acoustic,107.0,14.6,48230,3DD.003BEE9632,2019
FCS,Acoustic,106.0,14.7,48213,3DD.003BEE964D,2019
FCS,Acoustic,99.0,12.1,48204,3DD.003BEE9622,2019
FCS,Acoustic,111.0,16.0,48194,3DD.003BEE9666,2019
FCS,Acoustic,103.0,12.4,48186,3DD.003BEE964A,2019
FCS,Acoustic,97.0,10.4,48179,3DD.003BEE9637,2019
FCS,Acoustic,102.0,12.9,48172,3DD.003BEE9618,2019
FCS,Acoustic,104.0,11.2,48220,3DD.003BEE9628,2019
FCS,Acoustic,100.0,10.9,48228,3DD.003BEE9626,2019
FCS,Acoustic,104.0,13.2,48212,3DD.003BEE965E,2019
FCS,Acoustic,105.0,13.0,48200,3DD.003BEE9634,2019
FCS,Acoustic,98.0,10.7,48192,3DD.003BEE9617,2019
FCS,Acoustic,104.0,13.2,48227,3DD.003BEE9649,2019
FCS,Acoustic,97.0,10.5,48178,3DD.003BEE964F,2019
FCS,Acoustic,105.0,13.1,48170,3DD.003BEE963B,2019
FCS,Acoustic,102.0,11.8,48219,3DD.003BEE965B,2019
FCS,Acoustic,103.0,12.2,48185,3DD.003BEE9640,2019
FCS,Acoustic,107.0,15.4,48166,3DD.003BEE964E,2019
FCS,Acoustic,99.0,10.0,48183,3DD.003BEE9629,2019
FCS,Acoustic,103.0,12.4,48190,3DD.003BEE9631,2019
FCS,Acoustic,111.0,15.5,48198,3DD.003BEE9658,2019
FCS,Acoustic,110.0,15.6,48210,3DD.003BEE9651,2019
FCS,Acoustic,101.0,11.8,48217,3DD.003BEE9650,2019
FCS,Acoustic,104.0,12.8,48225,3DD.003BEE966D,2019
FCS,Acoustic,105.0,13.3,48114,3DD.003BEE963F,2019
FCS,Acoustic,87.0,7.7,48177,3DD.003BEE9654,2019
FCS,Acoustic,97.0,10.4,48184,3DD.003BEE9620,2019
FCS,Acoustic,104.0,12.2,48191,3DD.003BEE9611,2019
FCS,Acoustic,103.0,10.3,48199,3DD.003BEE9644,2019
FCS,Acoustic,110.0,15.3,48211,3DD.003BEE9619,2019
FCS,Acoustic,109.0,14.5,48218,3DD.003BEE9623,2019
FCS,Acoustic,108.0,13.6,48226,3DD.003BEE9639,2019
FCS,Acoustic,103.0,12.3,48136,3DD.003BEE961F,2019
FCS,Acoustic,112.0,16.6,48107,3DD.003BEE9664,2019
FCS,Acoustic,103.0,12.0,48143,3DD.003BEE966F,2019
FCS,Acoustic,102.0,12.4,48121,3DD.003BEE965C,2019
FCS,Acoustic,106.0,13.7,48128,3DD.003BEE9662,2019
FCS,Acoustic,103.0,12.2,48176,3DD.003BEE9624,2019
FCS,Acoustic,104.0,13.1,48184,3DD.003BEE9620,2019
FCS,Acoustic,115.0,17.5,48151,3DD.003BEE9621,2019
FCS,Acoustic,117.0,18.0,48159,3DD.003BEE960F,2019
FCS,Acoustic,109.0,14.4,48108,3DD.003BEE9636,2019
FCS,Acoustic,105.0,13.3,48109,3DD.003BEE966E,2019
FCS,Acoustic,102.0,11.9,48110,3DD.003BEE9656,2019
FCS,Acoustic,100.0,11.2,48111,3DD.003BEE9614,2019
FCS,Acoustic,105.0,15.3,48112,3DD.003BEE960E,2019
FCS,Acoustic,109.0,14.8,48113,3DD.003BEE962E,2019
FCS,Acoustic,105.0,13.0,48115,3DD.003BEE962F,2019
FCS,Acoustic,101.0,12.3,48116,3DD.003BEE965F,2019
FCS,Acoustic,117.0,20.3,48117,3DD.003BEE962C,2019
FCS,Acoustic,107.0,13.5,48168,3DD.003BEE9669,2019
FCS,Acoustic,106.0,14.2,48118,3DD.003BEE9633,2019
FCS,Acoustic,117.0,18.4,48119,3DD.003BEE9657,2019
FCS,Acoustic,105.0,13.5,48120,3DD.003BEE9659,2019
FCS,Acoustic,97.0,9.9,48122,3DD.003BEE9668,2019
FCS,Acoustic,111.0,15.8,48123,3DD.003BEE966A,2019
FCS,Acoustic,100.0,10.9,48124,3DD.003BEE9652,2019
FCS,Acoustic,114.0,17.1,48125,3DD.003BEE9648,2019
FCS,Acoustic,98.0,10.1,48126,3DD.003BEE9667,2019
FCS,Acoustic,108.0,14.8,48127,3DD.003BEE965D,2019
FCS,Acoustic,111.0,14.3,48129,3DD.003BEE962C,2019
SH,Acoustic,260.0,170.8,48144,3DD.003BEE961D,2019
SH,Acoustic,225.0,110.4,48134,3DD.003BEE960D,2019
SH,Acoustic,280.0,278.3,48147,3DD.003BEE962B,2019
SH,Acoustic,286.0,237.7,48141,3DD.003BEE9642,2019
SH,Acoustic,252.0,166.3,48154,3DD.003BEE9647,2019
SH,Acoustic,224.0,105.2,48131,3DD.003D5855F4,2019
SH,Acoustic,252.0,175.5,48132,3DD.003D58564C,2019
SH,Acoustic,275.0,230.1,48130,3DD.003D585639,2019
SH,Acoustic,255.0,184.5,48138,3DD.003D585631,2019
SH,Acoustic,272.0,202.4,48152,3DD.003D58563A,2019
SH,Acoustic,238.0,136.4,48146,3DD.003D58561F,2019
SH,Acoustic,221.0,131.6,48137,3DD.003D585237,2019
SH,Acoustic,258.0,201.1,48160,3DD.003D585266,2019
SH,Acoustic,277.0,223.6,48161,3DD.003D585222,2019
SH,Acoustic,228.0,114.4,48155,3DD.003D58521D,2019
SH,Acoustic,249.0,138.7,48139,3DD.003D585249,2019
SH,Acoustic,250.0,166.3,48135,3DD.003D585250,2019
SH,Acoustic,265.0,190.0,48156,3DD.003D58526A,2019
SH,Acoustic,256.0,204.6,48163,3DD.003D58525D,2019
SH,Acoustic,274.0,204.6,48162,3DD.003D585242,2019
SH,Acoustic,254.0,166.1,48145,3DD.003D58524F,2019
SH,Acoustic,256.0,179.3,48055,3DD.003D585462,2019
SH,Acoustic,265.0,178.7,48056,3DD.003D585465,2019
SH,Acoustic,237.0,146.0,48021,3DD.003D5854B6,2019
SH,Acoustic,270.0,189.1,48049,3DD.003D5854B3,2019
SH,Acoustic,260.0,203.8,48085,3DD.003D585496,2019
SH,Acoustic,268.0,285.5,48070,3DD.003D5854B0,2019
SH,Acoustic,270.0,199.9,48084,3DD.003D5854BE,2019
SH,Acoustic,279.0,251.7,48048,3DD.003D5854BD,2019
SH,Acoustic,253.0,159.9,48077,3DD.003D58548A,2019
SH,Acoustic,228.0,135.6,48063,3DD.003D5854A1,2019
SH,Acoustic,283.0,265.7,48148,3DD.003D5854C1,2019
SH,Acoustic,235.0,136.2,48164,3DD.003D585499,2019
SH,Acoustic,244.0,164.1,48064,3DD.003D5854B5,2019
SH,Acoustic,243.0,126.0,48099,3DD.003D5854B7,2019
SH,Acoustic,287.0,259.6,48092,3DD.003D58547E,2019
SH,Acoustic,228.0,109.0,48078,3DD.003D58547B,2019
SH,Acoustic,270.0,232.1,48142,3DD.003D585479,2019
SH,Acoustic,238.0,136.5,48150,3DD.003D5854A7,2019
SH,Acoustic,278.0,229.4,48158,3DD.003D58546B,2019
SH,Acoustic,246.0,145.7,48165,3DD.003D58547C,2019
SH,Acoustic,254.0,162.0,48093,3DD.003D5854B2,2019
SH,Acoustic,242.0,161.5,48051,3DD.003D585495,2019
SH,Acoustic,241.0,161.8,48094,3DD.003D58548C,2019
SH,Acoustic,269.0,227.0,48060,3DD.003D5854A8,2019
SH,Acoustic,258.0,172.5,48086,3DD.003D58549B,2019
SH,Acoustic,328.0,399.1,48088,3DD.003D585475,2019
SH,Acoustic,295.0,304.5,48101,3DD.003D5854A4,2019
SH,Acoustic,318.0,360.5,48100,3DD.003D58546D,2019
SH,Acoustic,264.0,188.5,48066,3DD.003D58546A,2019
SH,Acoustic,273.0,234.5,48072,3DD.003D58546F,2019
SH,Acoustic,274.0,204.6,48080,3DD.003D5854A9,2019
SH,Acoustic,295.0,265.1,48073,3DD.003D5854AB,2019
SH,Acoustic,290.0,271.6,48067,3DD.003D5854B8,2019
SH,Acoustic,246.0,136.5,48052,3DD.003D5854C0,2019
SH,Acoustic,259.0,159.6,48079,3DD.003D58549E,2019
SH,Acoustic,250.0,172.2,48057,3DD.003D585486,2019
SH,Acoustic,279.0,243.1,48102,3DD.003D5854BA,2019
SH,Acoustic,254.0,177.5,48095,3DD.003D585463,2019
SH,Acoustic,236.0,145.8,48074,3DD.003D585461,2019
SH,Acoustic,286.0,236.9,48065,3DD.003D585468,2019
SH,Acoustic,247.0,174.9,48050,3DD.003D5854A3,2019
SH,Acoustic,235.0,126.5,48058,3DD.003D5854AC,2019
SH,Acoustic,278.0,277.2,48081,3DD.003D585484,2019
SH,Acoustic,252.0,161.6,48089,3DD.003D58546E,2019
SH,Acoustic,273.0,243.1,48096,3DD.003D585482,2019
SH,Acoustic,243.0,142.2,48103,3DD.003D585483,2019
SH,Acoustic,273.0,257.9,48053,3DD.003D585471,2019
SH,Acoustic,262.0,203.0,48061,3DD.003D585488,2019
SH,Acoustic,300.0,379.8,48068,3DD.003D5854A6,2019
SH,Acoustic,240.0,166.2,48075,3DD.003D58547A,2019
SH,Acoustic,190.0,108.1,48082,3DD.003D585487,2019
SH,Acoustic,198.0,97.4,48090,3DD.003D5854C4,2019
SH,Acoustic,252.0,180.6,48097,3DD.003D58549C,2019
SH,Acoustic,240.0,125.8,48105,3DD.003D5854BF,2019
SH,Acoustic,288.0,308.3,48054,3DD.003D5854B1,2019
SH,Acoustic,298.0,312.4,48062,3DD.003D585476,2019
SH,Acoustic,289.0,280.7,48069,3DD.003D585480,2019
SH,Acoustic,290.0,320.1,48076,3DD.003D585464,2019
SH,Acoustic,297.0,290.1,48083,3DD.003D5854AF,2019
SH,Acoustic,275.0,210.2,48091,3DD.003D5854AD,2019
SH,Acoustic,225.0,104.1,48098,3DD.003D58546C,2019
SH,Acoustic,281.0,256.2,48106,3DD.003D5854B9,2019
SH,Acoustic,267.0,227.8,48101,3DD.003D5854A0,2019
LFCS,Acoustic,156.0,47.0,790,3DD.003D5856C4,2020
LFCS,Acoustic,171.0,45.4,795,3DD.003D5856BE,2020
LFCS,Acoustic,151.0,38.9,799,3DD.003D5856BF,2020
LFCS,Acoustic,158.0,42.3,779,3DD.003D5856C7,2020
LFCS,Acoustic,133.0,27.1,798,3DD.003D5856CD,2020
LFCS,Acoustic,165.0,46.7,793,3DD.003D5856CE,2020
LFCS,Acoustic,140.0,29.1,785,3DD.003D5856DB,2020
LFCS,Acoustic,196.0,88.0,784,3DD.003D5856E1,2020
LFCS,Acoustic,145.0,36.2,797,3DD.003D5856F3,2020
LFCS,Acoustic,205.0,101.4,792,3DD.003D5856F4,2020
LFCS,Acoustic,188.0,89.5,794,3DD.003D5856F5,2020
LFCS,Acoustic,147.0,32.6,780,3DD.003D5856FD,2020
LFCS,Acoustic,135.0,29.3,788,3DD.003D5856FF,2020
LFCS,Acoustic,163.0,49.5,781,3DD.003D585701,2020
LFCS,Acoustic,121.0,16.6,782,3DD.003D585707,2020
LFCS,Acoustic,156.0,34.1,783,3DD.003D58570F,2020
LFCS,Acoustic,178.0,51.5,789,3DD.003D585712,2020
LFCS,Acoustic,166.0,48.9,787,3DD.003D585715,2020
LFCS,Acoustic,150.0,36.9,796,3DD.003D585718,2020
LFCS,Acoustic,184.0,74.1,786,3DD.003D585719,2020
LFCS,Acoustic,149.0,35.9,791,3DD.003D58571C,2020
LFCS,Acoustic,185.0,77.7,815,3DD.003D5856DC,2020
LFCS,Acoustic,139.0,35.2,813,3DD.003D5856BB,2020
LFCS,Acoustic,178.0,69.5,812,3DD.003D5856BD,2020
LFCS,Acoustic,135.0,29.5,810,3DD.003D5856C3,2020
LFCS,Acoustic,164.0,49.4,802,3DD.003D5856C5,2020
LFCS,Acoustic,161.0,47.4,806,3DD.003D5856CB,2020
LFCS,Acoustic,179.0,56.2,816,3DD.003D5856CC,2020
LFCS,Acoustic,119.0,21.1,820,3DD.003D5856E7,2020
LFCS,Acoustic,173.0,63.0,807,3DD.003D5856E8,2020
LFCS,Acoustic,147.0,38.4,801,3DD.003D5856EE,2020
LFCS,Acoustic,159.0,45.7,803,3DD.003D5856EF,2020
LFCS,Acoustic,196.0,103.3,809,3DD.003D5856F0,2020
LFCS,Acoustic,172.0,59.1,814,3DD.003D5856F6,2020
LFCS,Acoustic,112.0,17.1,805,3DD.003D5856FA,2020
LFCS,Acoustic,128.0,27.0,800,3DD.003D5856FB,2020
LFCS,Acoustic,181.0,71.3,808,3DD.003D5856FE,2020
LFCS,Acoustic,176.0,69.0,804,3DD.003D585700,2020
LFCS,Acoustic,181.0,73.1,818,3DD.003D58570A,2020
LFCS,Acoustic,173.0,57.6,811,3DD.003D585711,2020
LFCS,Acoustic,180.0,79.1,815,3DD.003D585713,2020
LFCS,Acoustic,190.0,86.0,819,3DD.003D585717,2020
LFCS,Acoustic,154.0,45.0,823,3DD.003D5856D0,2020
LFCS,Acoustic,146.0,36.1,836,3DD.003D5856B9,2020
LFCS,Acoustic,153.0,32.6,841,3DD.003D5856BA,2020
LFCS,Acoustic,130.0,25.9,825,3DD.003D5856C0,2020
LFCS,Acoustic,143.0,34.0,828,3DD.003D5856C1,2020
LFCS,Acoustic,150.0,42.6,824,3DD.003D5856CA,2020
LFCS,Acoustic,155.0,40.2,830,3DD.003D5856D6,2020
LFCS,Acoustic,169.0,62.8,837,3DD.003D5856DA,2020
LFCS,Acoustic,140.0,31.4,832,3DD.003D5856DF,2020
LFCS,Acoustic,172.0,60.8,833,3DD.003D5856E3,2020
LFCS,Acoustic,117.0,19.9,838,3DD.003D5856E4,2020
LFCS,Acoustic,154.0,41.6,827,3DD.003D5856EB,2020
LFCS,Acoustic,156.0,38.6,842,3DD.003D5856ED,2020
LFCS,Acoustic,165.0,44.8,831,3DD.003D5856F1,2020
LFCS,Acoustic,148.0,39.6,826,3DD.003D5856F2,2020
LFCS,Acoustic,162.0,51.7,821,3DD.003D5856F9,2020
LFCS,Acoustic,155.0,41.6,822,3DD.003D5856FC,2020
LFCS,Acoustic,123.0,20.5,829,3DD.003D585703,2020
LFCS,Acoustic,155.0,44.8,839,3DD.003D585704,2020
LFCS,Acoustic,139.0,30.6,840,3DD.003D58570B,2020
LFCS,Acoustic,146.0,37.3,835,3DD.003D58570C,2020
LFCS,Acoustic,188.0,76.3,876,3DD.003D585A4F,2020
LFCS,Acoustic,156.0,39.9,865,3DD.003D5856BC,2020
LFCS,Acoustic,117.0,17.8,869,3DD.003D5856C2,2020
LFCS,Acoustic,185.0,78.0,877,3DD.003D5856C6,2020
LFCS,Acoustic,176.0,62.4,866,3DD.003D5856CF,2020
LFCS,Acoustic,162.0,47.8,867,3DD.003D5856D2,2020
LFCS,Acoustic,151.0,41.1,863,3DD.003D5856D7,2020
LFCS,Acoustic,167.0,43.1,873,3DD.003D5856DE,2020
LFCS,Acoustic,169.0,54.3,870,3DD.003D5856E2,2020
LFCS,Acoustic,154.0,47.3,878,3DD.003D5856F8,2020
LFCS,Acoustic,194.0,84.3,872,3DD.003D585702,2020
LFCS,Acoustic,173.0,56.5,860,3DD.003D585706,2020
LFCS,Acoustic,153.0,41.3,868,3DD.003D585708,2020
LFCS,Acoustic,154.0,43.7,874,3DD.003D585A43,2020
LFCS,Acoustic,163.0,50.0,864,3DD.003D585A53,2020
LFCS,Acoustic,190.0,85.1,875,3DD.003D585A55,2020
LFCS,Acoustic,164.0,51.7,858,3DD.003D585A65,2020
LFCS,Acoustic,181.0,70.8,859,3DD.003D585A68,2020
LFCS,Acoustic,170.0,58.3,861,3DD.003D585A74,2020
LFCS,Acoustic,156.0,57.5,871,3DD.003D585A7A,2020
LFCS,Acoustic,191.0,58.6,862,3DD.003D585A8C,2020
LFCS,Acoustic,204.0,101.4,851,3DD.003D585A57,2020
LFCS,Acoustic,197.0,103.7,441,3DD.003D585A60,2020
LFCS,Acoustic,188.0,84.5,445,3DD.003D585A3E,2020
LFCS,Acoustic,181.0,78.3,849,3DD.003D585A45,2020
LFCS,Acoustic,197.0,93.3,854,3DD.003D585A4A,2020
LFCS,Acoustic,185.0,77.8,853,3DD.003D585A4C,2020
LFCS,Acoustic,197.0,90.3,855,3DD.003D585A52,2020
LFCS,Acoustic,181.0,68.2,848,3DD.003D585A59,2020
LFCS,Acoustic,191.0,81.4,852,3DD.003D585A5D,2020
LFCS,Acoustic,174.0,64.0,442,3DD.003D585A61,2020
LFCS,Acoustic,193.0,99.2,845,3DD.003D585A63,2020
LFCS,Acoustic,169.0,60.1,443,3DD.003D585A6B,2020
LFCS,Acoustic,162.0,50.4,847,3DD.003D585A6E,2020
LFCS,Acoustic,178.0,65.7,850,3DD.003D585A76,2020
LFCS,Acoustic,172.0,68.7,834,3DD.003D585A78,2020
LFCS,Acoustic,205.0,115.4,856,3DD.003D585A7E,2020
LFCS,Acoustic,146.0,28.6,844,3DD.003D585A8A,2020
LFCS,Acoustic,175.0,64.3,444,3DD.003D585A93,2020
LFCS,Acoustic,165.0,58.2,857,3DD.003D585A95,2020
LFCS,Acoustic,156.0,38.2,843,3DD.003D585A97,2020
LFCS,Acoustic,176.0,68.6,846,3DD.003D585A9F,2020
LFCS,Acoustic,145.0,36.7,454,3DD.003D585A3F,2020
LFCS,Acoustic,175.0,61.4,459,3DD.003D585A84,2020
LFCS,Acoustic,154.0,32.7,453,3DD.003D585A40,2020
LFCS,Acoustic,150.0,39.2,464,3DD.003D585A46,2020
LFCS,Acoustic,167.0,50.4,448,3DD.003D585A4D,2020
LFCS,Acoustic,163.0,47.4,452,3DD.003D585A4E,2020
LFCS,Acoustic,158.0,46.0,450,3DD.003D585A58,2020
LFCS,Acoustic,133.0,25.3,440,3DD.003D585A5A,2020
LFCS,Acoustic,176.0,64.8,447,3DD.003D585A5B,2020
LFCS,Acoustic,138.0,29.5,458,3DD.003D585A6A,2020
LFCS,Acoustic,176.0,64.6,446,3DD.003D585A6F,2020
LFCS,Acoustic,180.0,68.4,456,3DD.003D585A70,2020
LFCS,Acoustic,149.0,38.4,457,3DD.003D585A72,2020
LFCS,Acoustic,187.0,75.5,455,3DD.003D585A81,2020
LFCS,Acoustic,165.0,56.7,449,3DD.003D585A82,2020
LFCS,Acoustic,170.0,56.0,439,3DD.003D585A8B,2020
LFCS,Acoustic,138.0,31.8,462,3DD.003D585A8E,2020
LFCS,Acoustic,183.0,73.3,460,3DD.003D585A8F,2020
LFCS,Acoustic,155.0,41.6,463,3DD.003D585A92,2020
LFCS,Acoustic,152.0,21.6,451,3DD.003D585A98,2020
LFCS,Acoustic,146.0,33.0,461,3DD.003D585AA0,2020
LFCS,Acoustic,156.0,43.3,472,3DD.003D584C3E,2020
LFCS,Acoustic,155.0,43.0,505,3DD.003D585A79,2020
LFCS,Acoustic,183.0,71.9,466,3DD.003D584C33,2020
LFCS,Acoustic,168.0,58.3,469,3DD.003D584C45,2020
LFCS,Acoustic,188.0,82.3,470,3DD.003D584C4F,2020
LFCS,Acoustic,148.0,37.0,471,3DD.003D584C6B,2020
LFCS,Acoustic,175.0,63.2,473,3DD.003D584C85,2020
LFCS,Acoustic,154.0,41.4,496,3DD.003D585A48,2020
LFCS,Acoustic,195.0,86.5,495,3DD.003D585A4B,2020
LFCS,Acoustic,146.0,35.8,497,3DD.003D585A5F,2020
LFCS,Acoustic,192.0,79.3,506,3DD.003D585A66,2020
LFCS,Acoustic,139.0,30.8,508,3DD.003D585A73,2020
LFCS,Acoustic,173.0,64.9,465,3DD.003D585A75,2020
LFCS,Acoustic,161.0,50.9,507,3DD.003D585A85,2020
LFCS,Acoustic,195.0,90.5,504,3DD.003D585A86,2020
LFCS,Acoustic,137.0,25.5,502,3DD.003D585A90,2020
LFCS,Acoustic,168.0,51.9,498,3DD.003D585A94,2020
LFCS,Acoustic,173.0,62.1,503,3DD.003D585A96,2020
LFCS,Acoustic,177.0,69.4,500,3DD.003D585A99,2020
LFCS,Acoustic,164.0,44.7,501,3DD.003D585A9C,2020
LFCS,Acoustic,150.0,28.0,499,3DD.003D585A9D,2020
